id,display name,username,weight,num_tweets,engagement
1648999932,,JosephJacks_,30.82280173,94,3051435
1056304242812743680,,DreadBong0,20.17304556,34,2825602
3322996666,,DrocksAlex2,19.99997105,71,1678762
11392102,,markjeffrey,16.83417613,57,1496158
504826591,,KeithSingery,12.85203914,51,916967
958118843636854784,,AltcoinDaily,11.78216296,3,2157781
396045469,,BarrySilbert,10.50149159,10,1702701
1786390915,,here4impact,9.904955711,38,745991
215615595,,SiamKidd,9.784259156,35,813271
1849591551699070976,,YumaGroup,8.781736936,23,983223
1639429440680624130,,inference_labs,8.779210973,10,1374082
1447895548363747333,,Phonger24,6.980199098,32,368553
710127308443529216,,TAOTemplar,6.92100368,27,507774
1362626253610770432,,bittingthembits,6.713980024,20,678995
1405656630872662019,,opentensor,6.642750559,14,846023
1355277334534909952,,chain_broker,4.827381998,10,620055
2800345565,,Grayscale,4.548130534,7,657082
1419111693112676353,,getmasafi,4.281516925,13,425592
499255726,,qBitTensor,4.198198931,10,500004
1530428929021988864,,CryptoZPunisher,3.931580081,16,268513
1795904642922016768,,BittensorIntern,3.915497937,19,175135
1648650821385564160,,proofoftalk,3.903904618,12,383645
1408065757741682698,,TAOSynergies,3.901391819,9,473475
1626325301432135684,,const_reborn,3.890989296,10,441387
1772695420109484032,,mentatminds,3.792969421,19,151756
1913484815179153408,,Maximize_AI,3.703192181,13,315245
1726781910389526528,,macrocrux,3.634003523,3,603075
897485079068495873,,mxmsbt,3.525327974,11,341514
1460252469745782790,,Defi0xJeff,3.467888279,6,481070
1708686339455991808,,AutoppiaAI,3.443624501,15,205512
757611408,,MylesMcNulty,3.302876807,13,238863
1624317907810365440,,TheTNetHunter,3.273870443,16,143019
1155762475582787584,,RvCrypto,3.234995526,6,436633
1008649805093064704,,fullsendnorth,3.174659467,10,304708
1178820758786756614,,tseutseutao,3.128131766,12,235624
1299523632868110338,,0xPrismatic,3.090329966,7,378927
2412652615,,coingecko,2.865153193,2,486478
1044164759610957824,,HouseofChimera,2.84935406,5,393154
1274730796390154241,,TalkingTensor,2.830616332,10,239063
47991533,,ExponentialReed,2.822561761,11,207423
76934637,,TaoIsTheKey,2.787987908,12,170723
1796385365978177536,,bittensorai,2.786599053,12,170458
1033343626296942592,,bittensor_alert,2.717756115,15,67013
2260491445,,CoinMarketCap,2.717457563,2,458297
1876342133193682944,,_taofi_,2.64426621,7,293816
1899844700825333760,,Victor_crypto_2,2.599980849,8,255263
1923028364178100224,,dsvfund,2.561864897,10,187784
1358929036479787008,,skol_abides,2.547113165,12,124763
404620139,,oblong_inc,2.529219415,4,362174
1904563934457151488,,yanez__ai,2.490718799,10,174209
1586809145042374657,,Victor_crypto_,2.470472952,10,170346
1451988033826398209,,GidiGambino,2.306246223,2,379836
1898751706433040384,,TaoPortal,2.305663988,8,199106
2590678590,,the_mattyk,2.270319714,9,162259
1516709193742536707,,NATIXNetwork,2.200044897,4,299366
1816264150755979264,,webuildscore,2.162391733,8,171769
17486417,,MarkCreaser,2.126695522,8,164958
944961548375773184,,SatoshiFlipper,2.069038084,6,214163
1166086993404682240,,EvanMalanga,2.037232253,8,147888
1038788983382265861,,Raleigh_CA,1.982580264,9,107357
1346819915366477825,,_g_x_g,1.941574163,8,129636
1061595929189314560,,ch_egan,1.911031892,4,244221
1328233564844953601,,jollygreenmoney,1.897112682,5,211462
1847974798040985600,,taoinsider,1.892845744,4,240751
1466627762660257796,,princeharry_za,1.86963668,8,115910
183309709,,badenglishtea,1.861078184,8,114277
1899811098011865088,,simplytao_,1.858631141,2,294429
1165520764201656320,,flickyobean,1.838815358,9,79926
1838738753923485696,,axionyu,1.820660656,9,76462
13348,,Scobleizer,1.782228356,2,279851
1454296406328365064,,SubnetSummerT,1.723732668,7,118174
1839766480860393473,,v0idai,1.677425575,3,229751
1809029796300795906,,KaspaKii,1.665995031,3,227570
913744615,,rob_svrn,1.664563455,2,257400
1908065208847020032,,taocan_bot,1.632911197,6,130948
3951601093,,0xarrash,1.599934254,5,154759
1764410143217700864,,MacrocosmosAI,1.585443778,6,121891
1216268731468435456,,nAvi_the_NORTH,1.52807697,7,80842
23140469,,DavFields,1.526544231,4,170859
1152937010,,richdotca,1.495734976,7,74671
1306649216278769664,,HashTensor,1.473160556,5,130570
2436422761,,DistStateAndMe,1.440421041,6,94220
1372173413943492617,,EzMoneyGems,1.437430522,2,214062
1747604689221283842,,taodotbot,1.428804686,3,182313
1662165153855717376,,ridges_ai,1.418769823,5,120192
963767159536209921,,TheBlock__,1.41590588,2,209955
1410787559467151363,,GeckoTerminal,1.404025405,3,177585
1540822016030285824,,CryptoReviewing,1.363517195,2,199959
906230721513181184,,coinbureau,1.355424353,1,228518
1350269503033245704,,BlocksterCom,1.344156279,1,226368
1364146611526373377,,HawkOfCrypto,1.300596548,5,97644
1917991360533299200,,xtaohq,1.298572744,4,127361
1489737129546551296,,hyperlane,1.297362081,4,127130
1001414496819261440,,ElonTrades,1.284892241,2,184957
1871255258921664512,,TeamRizzoAI,1.277935409,6,63217
502188770,,officialneeve,1.259726713,4,119949
1470281091802025984,,homieofweb3,1.257777074,4,119577
1770494248032370688,,dippy_ai,1.255052564,5,88954
223921570,,S4mmyEth,1.252612347,1,208901
1201551918692212736,,philism_,1.247168569,3,147656
1908812773955403776,,dTAOfordummies,1.245551487,6,57038
1528379203531440130,,raintures,1.244599704,2,177269
8287602,,jaltucher,1.232263265,3,144812
1925324760327553024,,AgentCAO,1.227344375,6,53564
1872729066593308672,,Shogun__base,1.226960993,5,83594
1368729704132354049,,niftyinvest,1.206274112,4,109750
59989980,,Degen_Hardy,1.199485478,2,168661
1927571707197362176,,tao_agent,1.181663334,5,74951
1861674812688547840,,metanova_labs,1.170804055,5,72879
67469426,,dotkrueger,1.168977822,2,162840
1791019966726369280,,0xbeinginvested,1.160249544,6,40762
1615153610047848448,,VirtualBacon0x,1.158212881,2,160786
1412977944629182472,,wearetalisman,1.152499437,1,189799
929398734609293312,,AssetAceArdent,1.152278036,6,39241
412587524,,MessariCrypto,1.148521544,1,189040
1747737231916240896,,CreatorBid,1.144198541,2,158112
1896776987806740481,,tplr_ai,1.139839642,4,97074
1879471914965766144,,BackpropFinance,1.130301879,5,65151
1821262078956498944,,rayon_labs,1.120132822,3,123417
1841514180517728256,,CrucibleLabs,1.100315942,2,149739
1941132604188557312,,rizzy_agent,1.09762812,3,119123
3253638337,,langeriuseth,1.090504856,2,147867
1266599278195048449,,decodejar,1.081360165,3,116019
1648393856667271168,,Pritensor,1.060350721,5,51804
1323358288981991425,,nordin_eth,1.041077317,2,138436
1575488903544348672,,Defimark7,1.031344845,2,136579
1223756024617873408,,LukitaTao,1.024921799,5,45044
1727645729588649984,,TensorplexLabs,1.012520884,4,72781
1406001741972213763,,tsliceAI,1.010168483,5,42229
1917301809313636355,,flock_off_sn96,1.010005221,4,72301
1440493422947622913,,pgpsam,1.00994757,4,72290
2294954370,,BitGo,1.006465193,1,161935
1797824936075042816,,Lazz_eth,0.9956135317,4,69555
1413356962058842118,,kenjonmiyachi,0.9893880578,5,38264
1703176266524856321,,too_da_moon_,0.9825590806,5,36961
958483284886982656,,E_Z_Trades,0.9801518933,3,96708
942793590715142144,,jkrdoc,0.9509222403,2,121234
1422188845974630406,,linity_com,0.9430966876,1,149844
403893999,,Val4930,0.9376222561,4,58490
634080359,,JustinB46587491,0.9338338307,5,27664
1544044068413521922,,cryptosanthoshK,0.9293137423,2,117111
1333467482,,CoinDesk,0.9110639106,1,143732
561042164,,emergevc,0.9075524642,1,143062
2799535513,,overlyleveraged,0.8988862851,4,51099
67574741,,gotorosario,0.8892772199,1,139575
1917631013490196480,,wanderinweights,0.8817265741,3,77928
1861989475326259200,,shugoio,0.8707423041,4,45729
1570221379462766593,,21RoundTable,0.8690329573,3,75506
1389098639369412608,,cyberne7ic,0.8654279657,4,44715
1247798364,,sobczak_mariusz,0.8465290466,4,41109
1820557559499235328,,ReadyAI_,0.8365337345,3,69305
116232741,,Kellykellam,0.8330267368,2,98739
1682112942353907714,,King_69NFT,0.832104327,2,98563
806584697560199170,,aizorr0,0.7963512573,3,61638
1422537905885442055,,CoinbaseAssets,0.7884882256,1,120344
1142897938475212800,,CryptoDona7,0.7822365468,2,89048
1640201159087628289,,Gaia_AI_,0.7751628288,4,27492
14975417,,mogmachine,0.771514325,3,56899
1391389102835224580,,Oli_Oli_crypto,0.7594705879,3,54601
2392484990,,degenrsc,0.7566816023,2,84172
1784803503011209216,,dFusionAI,0.7566816023,2,84172
1687894567536771072,,Tokenoya,0.7511793815,3,53019
1772842744622538753,,TAOlie_SOL,0.7493607667,3,52672
1512594021654401027,,the_smart_ape,0.74872661,3,52551
2835662740,,_0xEdward_,0.7484960075,3,52507
1854245626797498376,,chutes_ai,0.7446588291,2,81878
1498530697,,brodydotai,0.7253309431,3,48087
1914687310886518784,,Will_Mizu,0.7163172758,4,16264
1683888136664023040,,neuromancer_t,0.7066888312,3,44530
982939260,,jon_durbin,0.6966733475,3,42619
977215039458430976,,CopperHQ,0.6935009793,1,102220
1869689873852243968,,MHuy_hccventure,0.6883019422,1,101228
1430739047685791747,,kishan__shah,0.6850428543,2,70503
1409387396886675457,,cryptorinweb3,0.6810492391,2,69741
1785869433313071105,,michaeltaolor,0.6790532238,3,39257
93176471,,leomercier,0.6784077929,2,69237
1315135305972772864,,TokenAnalytics_,0.6727677225,1,98264
2464232299,,oddgems,0.6683503814,2,67318
1473935208608985090,,Tapbitglobal,0.6661955526,1,97010
1394325543110250499,,m2globalmoney,0.6643410433,2,66553
1342923842675740672,,zerokn0wledge_,0.6593419551,3,35496
1935812644297961472,,CoachBucko_tao,0.6593000274,3,35488
1367192616165588994,,xavi3rlu,0.6563747768,2,65033
1882543910888632320,,thedkingdao,0.6505677878,2,63925
1257659599810953218,,CoinLiquidity,0.6467463322,1,93299
787984877920452608,,GenomesDAO,0.6465854467,3,33062
1752044783579840512,,zeus_decrypt,0.6458726755,3,32926
1692041349833674752,,theqfnetwork,0.6429361508,1,92572
586325060,,nicrypto,0.642747476,1,92536
1367161303895330816,,angad_ai,0.6380269512,3,31429
1662961018199330823,,DeepFakeAI_,0.6324961488,1,90580
880907096,,Anarchoeconomy,0.6293741183,3,29778
127168036,,cihan0xeth,0.6258715693,1,89316
2648357839,,fundstrat,0.6234554845,1,88855
1520074037996789761,,CryptoFuegoYT,0.6230946502,2,58683
1437690183869210625,,HollandParkFund,0.6212873096,3,28235
3295385414,,Dikaios22,0.6177024897,3,27551
302700777,,scully1984,0.6147764468,1,87199
1893876982666211328,,DannyRose143,0.6126187538,3,26581
1767830551397027840,,her6616293,0.6083054397,3,25758
2394972734,,samaroo00,0.6066807407,3,25448
1508904681766101007,,taoshi_sol,0.6049617042,3,25120
1729862200217698304,,taofuxyz,0.6030330291,3,24752
1456891312230506496,,Tanaka_L2,0.6016328993,2,54588
1311393885806100481,,gmoneyNFT,0.594672898,2,53260
1177443218,,Old_Samster,0.5911824155,2,52594
1570008098877710341,,flock_io,0.5892904272,2,52233
1073196500170235904,,ParabolicPump,0.5855431373,2,51518
1908181343290200064,,Bitcast_network,0.5823364591,3,20803
1372534628221919234,,Rapido_ai,0.5775147715,3,19883
14204685,,synapz_org,0.5690445801,2,48370
1600856310161018880,,ZorpZK,0.5634778832,1,77411
288975755,,BrendanPlayford,0.5620950607,2,47044
276760858,,DeFi_42069,0.5524883722,2,45211
1084397942319054850,,Route2FI,0.5509100496,1,75013
1864116633457053697,,Girisha_108,0.5483697661,3,14322
1792862956067418112,,SOFAorgDAO,0.5464769856,2,44064
51231402,,Z_Humphries,0.5456227083,2,43901
1518463429387894790,,chiefingza,0.5444644551,2,43680
896056375,,JohnnyZcash,0.539086433,1,72757
851065582610808832,,CipherResearchx,0.5371001073,1,72378
1360925036576714752,,kriptomete_,0.5365864928,1,72280
16531881,,bensig,0.5351984293,2,41912
4508010263,,borsaressami,0.5285468527,1,70746
1614291270112841728,,taostats,0.5272793315,2,40401
1645508869,,YVR_Trader,0.5235005959,2,39680
68848684,,kdean,0.5162995102,2,38306
1657898587806679042,,_Qubic_,0.5139560067,1,67962
2959257250,,BassManTV,0.5138205338,2,37833
3009596595,,scoutesy,0.5094600511,2,37001
1724837882010177536,,Barbarian7676,0.5086110148,2,36839
1850892125313089536,,elhousesol,0.507803114,1,66788
1539928416866242560,,befreeshcrypto,0.5060691469,2,36354
1030264909131468801,,btcfx295,0.5013305225,1,65553
1680997088883032066,,Crypt0_DeFi,0.5007120886,1,65435
1779588254943051776,,onerandomguyyyy,0.4994183625,2,35085
1041363494740877312,,PrudentSammy,0.4979605821,1,64910
1917620449401257985,,gradients_ai,0.4966922686,1,64668
22051804,,boz_menzalji,0.4939677591,2,34045
2855094520,,RealGamersYTube,0.4934384217,2,33944
1169201028308168704,,cryptoboys27,0.4924636022,2,33758
1533103498396676098,,MessierM87,0.4899576288,1,63383
1907914425090322436,,Investing88ai,0.4897854692,2,33247
1495324081134223360,,Melinindefi,0.4881861827,1,63045
1449810845987397636,,Ucan_Coin,0.48485817,1,62410
1795168285069082624,,VenturaLabs,0.4816462509,2,31694
1569334812300689408,,Web3lan19,0.4790302172,1,61298
1865822931005366272,,latentholdings,0.4768298042,2,30775
188371200,,qqquint,0.469555345,2,29387
1765013576392069120,,mcjkula,0.4638479343,2,28298
1840740311527510016,,AI_assess,0.4636592596,2,28262
1454923069726892040,,JayAtCorcel,0.4603933463,1,57742
532505202,,SiliconJose,0.4578155838,2,27147
1702053827325968384,,taoshiio,0.4565682342,2,26909
1912127928688599040,,fxintegral_T,0.4565682342,2,26909
2452745850,,CryptoCoinShow,0.4559070804,1,56886
2285401634,,power_thompson,0.4549278122,2,26596
1580920578411839489,,DeFiMinty,0.4474953319,1,55281
1903378784281399296,,richyxbt,0.4415790749,2,24049
1644144309627760640,,coinagend,0.4407606921,1,53996
2855829929,,yugoviking,0.4397866649,2,23707
1629252562581848064,,erikan_id,0.4380825591,1,53485
1498583877467705346,,XVentures_Fund,0.4368674475,2,23150
2326757063,,_Bitsurfer_,0.4355676882,2,22902
1864142517387841536,,mdrouhaha,0.4346033507,2,22718
1213108802314072065,,mikecontango,0.4327847359,2,22371
1623470370119380992,,cryptofanatiix,0.4321288231,1,52349
1039983026476744704,,FalconXGlobal,0.4314370157,1,52217
1667789467,,DFVTAO,0.4305303288,1,52044
1217488931630960643,,KCRubix,0.4287484008,1,51704
1240354573203591168,,MrKiri_x,0.4257400869,1,51130
1373300751921909762,,blaziken007,0.4251224453,2,20909
307644102,,WSquires,0.4246717224,2,20823
173419089,,AngelofYHVH,0.4239267131,1,50784
1901775940650237952,,i_amarach,0.4229841317,2,20501
1932214629972762624,,MetaHashSn73,0.4228627973,1,50581
1879259104193155072,,desearch_ai,0.4228006979,2,20466
3222562058,,TedPillows,0.4227841828,1,50566
1764278336220450816,,DeFiNallyx,0.4222129176,1,50457
1709724897172242432,,Teh_Whisper,0.4221770231,2,20347
1371575773790883848,,TheEdgeofShow,0.4174811186,2,19451
1005147184629723137,,Cryptobkjack,0.4158092509,2,19132
2207129125,,Cointelegraph,0.4138588197,1,48863
1780579584959741952,,xCryptoParadise,0.4119039398,1,48490
1440682853306535945,,mikocryptonft,0.4116995422,1,48451
1204315977720221696,,tokenterminal,0.408900867,1,47917
881945617039212544,,NeuralAl,0.4073765385,2,17523
3864149734,,Osemka8,0.4070822522,1,47570
1708335106740617216,,micaelabazo,0.4066472521,1,47487
1375167429656084485,,ZephronXyz,0.4058671406,2,17235
1446170312266162180,,MrHecTony,0.405804249,2,17223
1426619573097357312,,TaoStacker,0.4053797309,2,17142
1211632456308125698,,polkaguy,0.4049911073,1,47171
917761909230915587,,Chad_Pumpiano,0.404315815,2,16939
1910762680610066432,,tensorsuisse,0.4019094199,1,46583
1272476254877384705,,mehra_gold,0.4005886968,1,46331
1059475475876245507,,TheEuroSniper,0.398916829,1,46012
1153308058455556097,,AlbertNaghel,0.3966535245,2,15477
1451320665542250496,,SturdyFinance,0.3925385749,1,44795
1163115650887442433,,AlamVentures,0.3899608124,2,14200
1137978769,,DefiCompass,0.3879579716,1,43921
1532732772850323456,,dTAO_Dad,0.3868319564,2,13603
953375130,,suiphrase,0.386003884,2,13445
749964034909278208,,Carloxir,0.3859491098,1,43537
1217924547619491840,,Ebubechi_GMI,0.3856519471,1,43481
1472846372575535107,,Senti__23,0.38451545,2,13161
1889845800769036288,,0000ALCI,0.3832943052,2,12928
1923364983163043840,,macrozack,0.3824714737,2,12771
1872106241763192832,,0xrodrigorom,0.3824609918,2,12769
1848486622251388929,,zeussubnet,0.3816067145,2,12606
1488668457906409475,,allan_quantifi,0.3782787018,2,11971
1347607980607496192,,Decentralpapi,0.3778795963,1,41998
1790045355410616320,,omegalabs_bt,0.3760722556,2,11550
1368291076201709569,,metaborgg,0.3758940628,2,11516
1463868843097526274,,log1_053,0.3741068938,2,11175
1754509997751361536,,bittensor_fr,0.3710933391,2,10600
3043516882,,emirusahin,0.3709720046,1,40680
1742811633284788224,,parasailnetwork,0.3699762213,1,40490
1858178809054326784,,hippius_subnet,0.3680265824,1,40118
1469672510539063298,,Thinker_Rex,0.3667433383,2,9770
1416628772565143561,,HOSS_ibc,0.3602542316,1,38635
1479130712,,hodler0_,0.3574136287,1,38093
1530071383778156544,,skyshark0,0.3564912189,1,37917
1195137402555240448,,pandittto88,0.3546524325,2,7463
782946231551131648,,MartiniGuyYT,0.3474295907,1,36188
1776031405941706752,,learnbittensor,0.3462923013,1,35971
1889708752212754432,,DailyKaspa,0.3448457951,1,35695
182408886,,xponentcrisis,0.3433206743,1,35404
1674467432356884489,,PerrieDExplorer,0.3422357946,1,35197
1294697762127134720,,jameswoodmanv,0.3417064571,1,35096
1461556314677645317,,IbtehajKhanAI,0.3395681435,1,34688
1457232952996237317,,ourcryptotalk,0.3331532026,1,33464
1187336859116064768,,fougars67,0.3308629009,1,33027
456125117,,JRossTreacher,0.326235129,1,32144
988992203568562176,,LunarCrush,0.3247728998,1,31865
4895743563,,FortKnoxCrypto,0.323546514,1,31631
1930359389673619456,,ChurchOfRao,0.3184732601,1,30663
1536677464985849857,,mobymeta,0.3140656087,1,29822
1724068612942495744,,JasonGlynnLive,0.3112564516,1,29286
1415275796730585099,,AndreaCapellin4,0.3096317525,1,28976
1589681363590041611,,neural_internet,0.3093906681,1,28930
1288026353934036994,,crypto_ideology,0.309107656,1,28876
788680540727578624,,RahulKumaran4,0.3085783185,1,28775
1428197508547629068,,iamyourchaos,0.3012514497,1,27377
1428948901684342784,,gring01234,0.300019823,1,27142
3176641137,,yrodz12,0.2980072925,1,26758
1477321133833822210,,MLImoritz,0.2971425333,1,26593
1135195030249979904,,BitElite17,0.2928921109,1,25782
718771928199069696,,Amrit12005,0.2910997009,1,25440
1334140743590555656,,KryptoInsider1,0.2894802428,1,25131
1056015925667942400,,ChartFuMonkey,0.2879760859,1,24844
1605919890757517312,,realvincent01,0.2866448808,1,24590
14450551,,richinspiration,0.2847214467,1,24223
1695278611308089344,,FinanceFreeman,0.2842130731,1,24126
246686420,,Defi_Rocketeer,0.2841030129,1,24105
929796222755524608,,0xmeowfr,0.2817603016,1,23658
111533746,,WuBlockchain,0.2803819278,1,23395
1866663404381016065,,0xinternetchild,0.27425524,1,22226
1927445223711334400,,BitMindLabs,0.2716871672,1,21736
4301290660,,donmaximi,0.2701830103,1,21449
889916636593041408,,Warrior7_1,0.2687941546,1,21184
1377202490643517444,,pnxgrp,0.267546805,1,20946
888659373924376576,,Zen_Trades1,0.2672271062,1,20885
14271959,,tmlee,0.2669021663,1,20823
1624493883617837057,,ApeKideth,0.2661265035,1,20675
2424259633,,BSCGemsAlert,0.2630657801,1,20091
1708832605,,RomainBTC,0.2627146355,1,20024
1460671846055960576,,Cryptoo_Gems,0.2626045752,1,20003
1394618279067541504,,2xnmore,0.2619127678,1,19871
1439515256032833536,,ratio1ai,0.261745057,1,19839
1446763255981092865,,Cryptoloss1,0.2614620449,1,19785
2339878250,,UpholdInc,0.2613048159,1,19755
1148666001917128710,,CryptoMeags,0.2612681292,1,19748
1905264472643817472,,tao_dot_com,0.2604767435,1,19597
1266293833886625795,,justonedave_1,0.2599998157,1,19506
929796993614000128,,Vayu108,0.2597115626,1,19451
3108019343,,KSimback,0.2592293939,1,19359
1636326261667536896,,Neuralteq,0.2591979481,1,19353
138182116,,trish_regan,0.258605719,1,19240
1788934814898253824,,xTaoMerch,0.2581549961,1,19154
1914686372067123200,,MUGA_Army,0.2576571044,1,19059
1432159129502720004,,JeffSekinger,0.2575784899,1,19044
17217701,,dlawee,0.2565984295,1,18857
1383094132487421970,,ZoraWeb3,0.2564831283,1,18835
1839685677149028352,,hereisfrescoid,0.2557493932,1,18695
1252392877776424960,,nology3000,0.255639333,1,18674
52332515,,rog911turbo,0.2554244534,1,18633
1358458556257873922,,platacrypto,0.2551099955,1,18573
1336356039369875457,,Johnbellopate,0.2545649352,1,18469
1473429440906633220,,Defi_princesss,0.2539674652,1,18355
1058015001334685696,,dcommunity_main,0.2531341518,1,18196
1457964520282853377,,subwalletapp,0.2528406577,1,18140
1232606202774917125,,v_truba,0.2515251756,1,17889
1601234723807830016,,404gen_,0.2507914405,1,17749
1791413618413641728,,joa_ni,0.2503249946,1,17660
2884956433,,GemListings,0.2486793317,1,17346
1937405751561003008,,SwarmSubnet,0.2483963196,1,17292
1343513204694069249,,RRenftle,0.2462946927,1,16891
1917326607519293440,,Z4Cdreams,0.2459592709,1,16827
893306219091374080,,Altcoinbuzzio,0.2437685477,1,16409
1391168874104696833,,Kaloh_nft,0.243716138,1,16399
1784706396816306176,,Suo69420,0.2428042101,1,16225
1171070902349520902,,kelxyz_,0.2421857763,1,16107
1037045241084342272,,Delphi_Digital,0.2413262581,1,15943
1691401945884278784,,aicryptopattern,0.2407130652,1,15826
1725097313402564608,,oct_trades,0.2405296314,1,15791
2803852087,,DCGco,0.2393504143,1,15566
1399308311619637250,,jasminervaa,0.2387581853,1,15453
1705960769089585153,,HodleMartin,0.2380192093,1,15312
1748721804925952000,,NuanceSubnet,0.2373745706,1,15189
911358814364033025,,Roobysix,0.2373640887,1,15187
1516459365108224006,,Inv3stInPassive,0.2373274019,1,15180
1130774555490828288,,tmel0211,0.2363473415,1,14993
4794804223,,NFTLunatic,0.2363001728,1,14984
1920894542238412800,,v_for_virtuals,0.2348641484,1,14710
1371830059410075650,,op_ambassadors,0.2341723411,1,14578
1517511758776344576,,ProfFahdKhan,0.2333285457,1,14417
907868791354175489,,btcrenaissance,0.2326629432,1,14290
1704609380874719232,,JohncyCrypto,0.2322751118,1,14216
335622250,,StewStoop,0.2317248105,1,14111
1358511532590702592,,TraderEthem,0.231651437,1,14097
1914674712480813056,,TensorPulseLabs,0.2316199912,1,14091
1559561858943799297,,dee_jun1or,0.2300267379,1,13787
1175974820858798083,,bloomberg_seth,0.2298380632,1,13751
1058447544416718848,,_obojr,0.229722762,1,13729
1944615205125664768,,TheTaoPod,0.2290624004,1,13603
1733229487548989440,,namoray_dev,0.2277154724,1,13346
19777264,,mikewchan,0.2269293277,1,13196
1804138165587836929,,sportstensor,0.2252207732,1,12870
1628662304752668672,,Vader_XFINANCE,0.2249692069,1,12822
912442311543595008,,lukecannon727,0.224198785,1,12675
1505498855177166850,,soulreapeeer,0.2241096886,1,12658
631365990,,DeaconFrost6,0.2240205922,1,12641
1783129296107679744,,WenTV_io,0.2233392668,1,12511
3304956474,,gylestensora,0.2232920981,1,12502
1441230215988998147,,Qubic_Magazine,0.2232082427,1,12486
2803216711,,BlueWolfNFTs,0.2221757726,1,12289
453506680,,InvestorJordann,0.2209598688,1,12057
1119510135334944769,,Toni_Bitcoin,0.2202837843,1,11928
1851026184538136576,,OAK_Res_EN,0.2199640855,1,11867
1391102593477320705,,DynamoDeFi,0.2199064349,1,11856
1343633564697579523,,Daanwood,0.2194871577,1,11776
3067385286,,A_CryptoG33,0.218842519,1,11653
724276852924272640,,PostyXBT,0.218245049,1,11539
1839042402851377152,,bd_himes,0.2177419164,1,11443
1889050588693868544,,Pressure_404,0.2168823982,1,11279
956821015,,benzion_b,0.2164054704,1,11188
1364385078302932996,,fevrdad,0.2156402895,1,11042
1470522307399622659,,Scottyrice09,0.2153048678,1,10978
1324825975264337927,,talesoftao,0.2142881206,1,10784
1760035446611206144,,pumpolinsky,0.2142881206,1,10784
943911776625811456,,Simulacra333,0.2138583615,1,10702
1392828966642278403,,Jack__XRP,0.2136854096,1,10669
426783672,,varimotrades,0.2135491445,1,10643
451001655,,0xcarro,0.2134652891,1,10627
1231187121307697157,,sunxliao,0.2128625781,1,10512
950943354061185025,,FrankRizz07,0.2128154095,1,10503
1825074969149358080,,Batmanactive,0.2127472769,1,10490
1467710613258481665,,CryptoEnAfrique,0.2124118552,1,10426
1847179896910434304,,Magentalabs_io,0.2119087226,1,10330
356999123,,LordBadshot,0.2117462526,1,10299
1554827123491082241,,0xelonmoney,0.2112588429,1,10206
1630194909905928192,,TheBullRunAngel,0.2111959513,1,10194
1483420953820418048,,Gojo_Research,0.2110334814,1,10163
703306572638887938,,CelticMatheus,0.2102368548,1,10011
1448579636376576000,,lianyanshe,0.209906674,1,9948
1917656063383400448,,SN65_TPN,0.2093878185,1,9849
1496037299397660686,,invisiblegigles,0.2085283002,1,9685
1715725602659917824,,dontcallmebobbi,0.2084811316,1,9676
1597986625384062982,,Altcoinist_com,0.2076530591,1,9518
2165293682,,geezer_btc,0.2075692037,1,9502
1895032167744315392,,indexy_xyz,0.207527276,1,9494
1871033860978561024,,mwa_ia,0.2074748663,1,9484
18719363,,Axilo,0.2074696254,1,9483
1083147769,,Robin25461631,0.2074434205,1,9478
1501638114887888897,,Suleman72514927,0.207228541,1,9437
1347335187823292416,,resdegen,0.2070975169,1,9412
1909284702139092992,,candlestao,0.2069507698,1,9384
1600776647417876480,,cot_research,0.206631071,1,9323
1722685055447773184,,kantianum,0.2065210107,1,9302
482477197,,CryptoastMedia,0.2065000469,1,9298
1389528418920935424,,TheDollarsCryp1,0.2056876973,1,9143
1934454744841613313,,taocity_,0.2047023959,1,8955
1389461775612006407,,StevenParrinel1,0.204387938,1,8895
389163111,,Jsnackman2,0.2038848054,1,8799
1043413955312533504,,BGameAlliance,0.2038166729,1,8786
1732434054346063872,,eseckkk,0.2037118536,1,8766
1356288204605947904,,getcel_ai,0.2036122753,1,8747
1630084316146417664,,RokoNetwork,0.2033659499,1,8700
1785441009809195008,,Rondo_ina_Condo,0.2025536004,1,8545
1889341513353555968,,Nrltq_Research,0.2024225762,1,8520
888138921649070083,,Samira20650322,0.2023544437,1,8507
1437463799347531782,,sershokunin,0.2017884195,1,8399
1649165210312114181,,WestTexian,0.2016364315,1,8370
1870154923079266304,,softest_100,0.2010284796,1,8254
1426885630219456513,,cryptogics,0.2006930578,1,8190
888540418006294530,,gastontaylor25,0.2004257686,1,8139
208851654,,renwei8066,0.2000589011,1,8069
1173983894514716673,,dens_club,0.2000274553,1,8063
1679833109821358080,,Mhenzee,0.1999907686,1,8056
1481595073234186240,,Chris_Hutch7,0.1997968529,1,8019
21259900,,JNGross,0.1996815516,1,7997
1539526474167902209,,Anubis_Crypto_,0.1992622745,1,7917
1091791346581553153,,BabblerBestBets,0.1982979369,1,7733
1436090670050066440,,LizaFlux,0.1982402863,1,7722
913274240,,rick_shares,0.197993961,1,7675
906821635814064128,,TauShaman,0.1978157682,1,7641
1372905525839601666,,3DMax_Virtuals,0.1977581176,1,7630
927543724632047616,,Danny_Crypton,0.1972864307,1,7540
899350803068145664,,TheCrypticWolf1,0.1963116113,1,7354
1540214882209071104,,trading_digits,0.1963116113,1,7354
1343591510810488833,,cryptosplashbro,0.1960862498,1,7311
1640161219771334659,,The0xRaider,0.1958870931,1,7273
1776624690976395264,,misokeik,0.195609322,1,7220
1917810807699857409,,basedAlbert1,0.1955883581,1,7216
2761606470,,SS_2402,0.1954363701,1,7187
156990004,,JiRaYa_OG,0.1954311292,1,7186
1871541072901611520,,EyeGentX,0.1954101653,1,7182
984760135582142469,,tylerdurdeth,0.1952162496,1,7145
2963117727,,taostrioti,0.1950642616,1,7116
1457778371690065926,,lexaMoon_crypto,0.194859864,1,7077
1461159617241575424,,SinCityCrypto1,0.1947969724,1,7065
1725217436,,_olaige,0.1945296832,1,7014
148035623,,esper1971,0.194262394,1,6963
1732096464313012224,,pr_validator,0.193822153,1,6879
1424275360250748928,,game_for_one,0.1931617914,1,6753
2593373279,,swissfedaykin,0.1931617914,1,6753
1734354291387990016,,douglas002508,0.1931146227,1,6744
1822398785395314688,,BasilJ53050,0.1927058275,1,6666
1714435038081650688,,p_gjorup,0.1920507069,1,6541
2895886489,,_fluvii,0.1920140201,1,6534
1526136099516690433,,Vadimkus3,0.1919563695,1,6523
1667305969452298241,,EdidiongM28161,0.1917048032,1,6475
1640885195728379904,,tao_philip53131,0.1915004056,1,6436
1427326251858018311,,ConnorOnChain,0.1910706465,1,6354
879431670096678912,,evert_scott,0.1906408873,1,6272
2583225202,,Darren831Dl,0.1891367304,1,5985
1459304593968537601,,savinduwim,0.1890790798,1,5974
1284800264038494211,,pete_grow,0.1884816098,1,5860
1905944378444500992,,AltcoinMillie,0.1883558267,1,5836
567839621,,KeatlyKHZ,0.1878055254,1,5731
1537118890379030528,,nguynng26509670,0.1876954651,1,5710
1542399151811575809,,0xMrMarx,0.1872499831,1,5625
1765468264950648832,,heeshillio,0.1868831156,1,5555
1475365603825401861,,checkerchain,0.1867625734,1,5532
1813376705316438016,,zannyABS,0.1863957058,1,5462
851088518390657024,,findingAchiever,0.1860235973,1,5391
1914287772187168768,,polariscloudai,0.1855938382,1,5309
1552812205149925376,,ledgerlifeio,0.1850120911,1,5198
96596283,,TechieCrm3,0.1849806453,1,5192
1036087604335312896,,ttsheik,0.1848967899,1,5176
37945701,,EricCLFung,0.183838115,1,4974
895190093056659457,,Padawan_Capital,0.1837909463,1,4965
2810100392,,retrodrive1,0.1837752234,1,4962
1623701099269050368,,AvaMonaro,0.1834974523,1,4909
1458399185490046977,,0xSleepinRain,0.183387392,1,4888
874186947853418496,,CryptoBuffalo,0.1830729341,1,4828
3662184855,,TheMoneySponge,0.1829366691,1,4802
394338282,,Maintain,0.1828842594,1,4792
1684272239791726606,,YStan__,0.1825226328,1,4723
1529386241560662016,,cryptomacavalli,0.1824492593,1,4709
1225543917115850752,,AlphaSigmaFund,0.1824230545,1,4704
1720429409906171904,,ChatDKG,0.1822291388,1,4667
1597354340896985089,,Tibo_NFTs,0.1818046207,1,4586
132872285,,classicalism,0.1817364881,1,4573
1830627790615429120,,taos_im,0.1816473917,1,4556
1646841998870200320,,bochaukem96,0.1813538977,1,4500
1734469520884969472,,lcnxyz,0.1811180543,1,4455
1890130424317263872,,vidaio_,0.1804314879,1,4324
704973995985281024,,0xDutchmikel,0.1803371505,1,4306
1706299648996990976,,oct_gems,0.1802166083,1,4283
2301108369,,HHardyhh,0.1798759456,1,4218
1910038221905629184,,btlabs_ai,0.1797344396,1,4191
1263521084520923140,,DeFiator,0.1795667287,1,4159
1762905851713740803,,CountYFI,0.1794723913,1,4141
1852483579487653888,,kolin_ai,0.1788172707,1,4016
1406553771111436291,,itsthemeg,0.1787386562,1,4001
1239987918,,CryptoErwinNL,0.178335102,1,3924
1656031269720047617,,SubVortexTao,0.1782198007,1,3902
1467815477653041156,,hoatrangia,0.1773340777,1,3733
1861659385858076672,,ETERNAL_WEALTH_,0.176982933,1,3666
1536241658878390272,,minjung315,0.1763173305,1,3539
1534609565471342598,,vwdim1,0.1763068486,1,3537
145227707,,TweetSion,0.1759085352,1,3461
1421038239419305984,,OneBlock_,0.1755416677,1,3391
1393853307450400770,,TheG0xT,0.1749808845,1,3284
1414284118485917696,,Polkadot_ERI,0.1743938964,1,3172
94634127,,Twhitaker2,0.1740532337,1,3107
1473627775080796160,,janitor_kevin,0.1735081734,1,3003
1191501787594805248,,Ch3RN0b0G,0.1729159443,1,2890
1540762695011426304,,ohoohhooo,0.1722136551,1,2756
1489952451969097728,,DZdoski,0.1718363056,1,2684
1518820673581305857,,nguyen0xhieu,0.1702692571,1,2385
1833125133059252224,,LouiseBeattie,0.1696717871,1,2271
1358548219186323468,,Bigmills4,0.1686288351,1,2072